"User_ID","UTC_Time","Account","Operation","Coin","Change","Remark"
"102371243","2021-04-17 07:55:36","Spot","Deposit","BTC","0.00482961",""
"102371243","2021-04-17 09:03:04","Spot","Transfer Between Main and Funding Wallet","BTC","-0.00100000",""
"102371243","2021-04-17 09:03:04","Funding","Transfer Between Main and Funding Wallet","BTC","0.00100000",""
"102371243","2021-04-17 09:10:51","Spot","Sell","BTC","-0.00046500",""
"102371243","2021-04-17 09:10:51","Spot","Buy","SC","500.00000000",""
"102371243","2021-04-17 09:10:51","Spot","Fee","SC","-0.50000000",""
"102371243","2021-04-17 09:23:34","Spot","Fee","DGB","-0.30000000",""
"102371243","2021-04-17 09:23:34","Spot","Buy","DGB","300.00000000",""
"102371243","2021-04-17 09:23:34","Spot","Sell","BTC","-0.00069300",""
"102371243","2021-04-17 09:50:51","Spot","Fee","BAT","-0.00500000",""
"102371243","2021-04-17 09:50:51","Spot","Sell","BTC","-0.00012370",""
"102371243","2021-04-17 09:50:51","Spot","Buy","BAT","5.00000000",""
"102371243","2021-04-17 09:50:52","Spot","Fee","BAT","-0.00500000",""
"102371243","2021-04-17 09:50:52","Spot","Sell","BTC","-0.00012370",""
"102371243","2021-04-17 09:50:52","Spot","Buy","BAT","5.00000000",""
"102371243","2021-04-17 09:52:01","Spot","Buy","TROY","1000.00000000",""
"102371243","2021-04-17 09:52:01","Spot","Fee","TROY","-1.00000000",""
"102371243","2021-04-17 09:52:01","Spot","Sell","BTC","-0.00056000",""
"102371243","2021-04-17 12:24:15","Spot","Sell","BTC","-0.00041356",""
"102371243","2021-04-17 12:24:15","Spot","Buy","DOGE","98.00000000",""
"102371243","2021-04-17 12:24:15","Spot","Fee","DOGE","-0.09800000",""
"102371243","2021-04-17 17:47:35","Spot","Transfer Between Main and Funding Wallet","BTC","0.00100000",""
"102371243","2021-04-17 17:47:35","Funding","Transfer Between Main and Funding Wallet","BTC","-0.00100000",""
"102371243","2021-04-17 17:51:22","Spot","Fee","DOGE","-0.02300000",""
"102371243","2021-04-17 17:51:22","Spot","Sell","BTC","-0.00010304",""
"102371243","2021-04-17 17:51:22","Spot","Buy","DOGE","23.00000000",""
"102371243","2021-04-17 18:33:43","Spot","Sell","BTC","-0.00030636",""
"102371243","2021-04-17 18:33:43","Spot","Fee","FTM","-0.03600000",""
"102371243","2021-04-17 18:33:43","Spot","Buy","FTM","36.00000000",""
"102371243","2021-04-18 02:17:38","Spot","Fee","TROY","-0.40000000",""
"102371243","2021-04-18 02:17:38","Spot","Sell","BTC","-0.00019200",""
"102371243","2021-04-18 02:17:38","Spot","Buy","TROY","400.00000000",""
"102371243","2021-04-18 05:29:19","Spot","Buy","NULS","3.00000000",""
"102371243","2021-04-18 05:29:19","Spot","Sell","BTC","-0.00010788",""
"102371243","2021-04-18 05:29:19","Spot","Fee","NULS","-0.00300000",""
"102371243","2021-04-18 05:34:31","Spot","Buy","NULS","6.00000000",""
"102371243","2021-04-18 05:34:31","Spot","Sell","BTC","-0.00019776",""
"102371243","2021-04-18 05:34:31","Spot","Fee","NULS","-0.00600000",""
"102371243","2021-04-20 06:43:43","Spot","Buy","SC","591.00000000",""
"102371243","2021-04-20 06:43:43","Spot","Fee","SC","-0.59100000",""
"102371243","2021-04-20 06:43:43","Spot","Sell","BTC","-0.00041961",""
"102371243","2021-04-23 00:07:34","Spot","Fee","SC","-0.44600000",""
"102371243","2021-04-23 00:07:34","Spot","Sell","BTC","-0.00028990",""
"102371243","2021-04-23 00:07:34","Spot","Buy","SC","446.00000000",""
"102371243","2021-04-23 02:22:26","Spot","Buy","DOGE","84.00000000",""
"102371243","2021-04-23 02:22:26","Spot","Sell","BTC","-0.00028980",""
"102371243","2021-04-23 02:22:26","Spot","Fee","DOGE","-0.08400000",""
"102371243","2021-05-01 06:24:32","Spot","Sell","BTC","-0.00042194",""
"102371243","2021-05-01 06:24:32","Spot","Buy","DGB","146.00000000",""
"102371243","2021-05-01 06:24:32","Spot","Fee","DGB","-0.14600000",""
"102371243","2021-05-01 06:38:05","Spot","Transaction Related","BTC","0.00231100",""
"102371243","2021-05-01 06:38:05","Spot","Deposit","ZAR","2000.00000000",""
"102371243","2021-05-01 06:38:05","Spot","Transaction Related","ZAR","-2000.00000000",""
"102371243","2021-05-01 06:43:54","Spot","Buy","AVAX","1.00000000",""
"102371243","2021-05-01 06:43:54","Spot","Sell","BTC","-0.00059702",""
"102371243","2021-05-01 06:43:54","Spot","Fee","AVAX","-0.00100000",""
"102371243","2021-05-01 06:54:28","Spot","Sell","BTC","-0.00062600",""
"102371243","2021-05-01 06:54:28","Spot","Buy","TFUEL","100.00000000",""
"102371243","2021-05-01 06:54:28","Spot","Fee","TFUEL","-0.10000000",""
"102371243","2021-05-01 07:01:46","Spot","Fee","BNB","-0.00003750",""
"102371243","2021-05-01 07:01:46","Spot","Buy","BNB","0.05000000",""
"102371243","2021-05-01 07:01:46","Spot","Sell","BTC","-0.00054185",""
"102371243","2021-05-01 07:09:55","Spot","Fee","BNB","-0.00000750",""
"102371243","2021-05-01 07:09:55","Spot","Buy","BNB","0.01000000",""
"102371243","2021-05-01 07:09:55","Spot","Sell","BTC","-0.00010829",""
"102371243","2021-05-01 08:05:51","Spot","Buy","WIN","23720.00000000",""
"102371243","2021-05-01 08:05:51","Spot","Fee","BNB","-0.00003824",""
"102371243","2021-05-01 08:05:51","Spot","Sell","BNB","-0.05099800",""
"102371243","2021-05-01 09:15:55","Spot","Fee","BNB","-0.00003763",""
"102371243","2021-05-01 09:15:55","Spot","Buy","TRX","240.00000000",""
"102371243","2021-05-01 09:15:55","Spot","Sell","BTC","-0.00053520",""
"102371243","2021-05-02 00:12:59","Spot","Transaction Related","ZAR","-2601.61000000","275fcaf1a1b349a38ebd2413ac6c9c34"
"102371243","2021-05-02 00:12:59","Spot","Deposit","ZAR","2601.61000000",""
"102371243","2021-05-02 00:12:59","Spot","Transaction Related","BTC","0.00303000","275fcaf1a1b349a38ebd2413ac6c9c34"
"102371243","2021-05-02 01:14:30","Spot","Sell","BTC","-0.00152620",""
"102371243","2021-05-02 01:14:30","Spot","Fee","BNB","-0.00010683",""
"102371243","2021-05-02 01:14:30","Spot","Buy","DGB","587.00000000",""
"102371243","2021-05-03 20:19:24","Spot","Buy","ZIL","202.00000000",""
"102371243","2021-05-03 20:19:24","Spot","Fee","BNB","-0.00004874",""
"102371243","2021-05-03 20:19:24","Spot","Sell","BTC","-0.00075952",""
"102371243","2021-05-06 21:11:58","Spot","Transaction Related","ZAR","-4905.00000000",""
"102371243","2021-05-06 21:11:58","Spot","Transaction Related","BTC","0.00599100",""
"102371243","2021-05-06 21:11:58","Spot","Deposit","ZAR","4905.00000000",""
"102371243","2021-05-06 21:35:24","Spot","Buy","DOGE","154.00000000",""
"102371243","2021-05-06 21:35:24","Spot","Fee","BNB","-0.00010719",""
"102371243","2021-05-06 21:35:24","Spot","Sell","BTC","-0.00160160",""
"102371243","2021-05-06 21:45:32","Spot","Fee","BNB","-0.00009000",""
"102371243","2021-05-06 21:45:32","Spot","Sell","BTC","-0.00134628",""
"102371243","2021-05-06 21:45:32","Spot","Buy","BNB","0.12000000",""
"102371243","2021-05-08 23:37:07","Spot","Fee","BNB","-0.00006775",""
"102371243","2021-05-08 23:37:07","Spot","Sell","BTC","-0.00099150",""
"102371243","2021-05-08 23:37:07","Spot","Buy","ETH","0.01500000",""
"102371243","2021-05-08 23:37:12","Spot","Buy","ETH","0.04200000",""
"102371243","2021-05-08 23:37:12","Spot","Sell","BTC","-0.00277620",""
"102371243","2021-05-08 23:37:12","Spot","Fee","BNB","-0.00018972",""
"102371243","2021-05-09 00:04:52","Funding","Transfer Between Main and Funding Wallet","ETH","0.00700000",""
"102371243","2021-05-09 00:04:52","Spot","Transfer Between Main and Funding Wallet","ETH","-0.00700000",""
"102371243","2021-05-09 05:00:17","Spot","Transaction Related","ZAR","-4905.00000000","3cd0c9da0a064166bacc0e9adfce1"
"102371243","2021-05-09 05:00:17","Spot","Transaction Related","BTC","0.00582700","3cd0c9da0a064166bacc0e9adfce1"
"102371243","2021-05-09 05:00:17","Spot","Deposit","ZAR","4905.00000000",""
"102371243","2021-05-09 05:02:35","Spot","Sell","BTC","-0.00146616",""
"102371243","2021-05-09 05:02:35","Spot","Buy","DOGE","164.00000000",""
"102371243","2021-05-09 05:02:35","Spot","Fee","BNB","-0.00009879",""
"102371243","2021-05-09 10:04:20","Spot","Buy","DOGE","182.00000000",""
"102371243","2021-05-09 10:04:20","Spot","Fee","BNB","-0.00009602",""
"102371243","2021-05-09 10:04:20","Spot","Sell","BTC","-0.00147420",""
"102371243","2021-05-09 12:05:14","Spot","Buy","DOGE","396.00000000",""
"102371243","2021-05-09 12:05:14","Spot","Fee","BNB","-0.00019253",""
"102371243","2021-05-09 12:05:14","Spot","Sell","BTC","-0.00293040",""
"102371243","2021-05-10 10:53:24","Spot","Transaction Related","BTC","0.00588700","0a0d20027094419db47c054eee966fa1"
"102371243","2021-05-10 10:53:24","Spot","Deposit","ZAR","4905.00000000",""
"102371243","2021-05-10 10:53:24","Spot","Transaction Related","ZAR","-4905.00000000","0a0d20027094419db47c054eee966fa1"
"102371243","2021-05-10 17:24:39","Spot","Deposit","LTC","0.10000000",""
"102371243","2021-05-10 18:04:10","Spot","Deposit","LTC","1.67404034",""
"102371243","2021-05-10 18:09:22","Spot","Binance Convert","BTC","0.01197782",""
"102371243","2021-05-10 18:09:22","Spot","Binance Convert","LTC","-1.77404034",""
"102371243","2021-05-11 01:32:23","Spot","Sell","BNB","-0.12780000",""
"102371243","2021-05-11 01:32:23","Spot","Fee","USDT","-0.08028907",""
"102371243","2021-05-11 01:32:23","Spot","Buy","USDT","80.28907200",""
"102371243","2021-05-11 01:33:54","Spot","Buy","SHIB","2308830.00000000",""
"102371243","2021-05-11 01:33:54","Spot","Fee","SHIB","-2308.83000000",""
"102371243","2021-05-11 01:33:54","Spot","Sell","USDT","-80.20875420",""
"102371243","2021-05-11 01:39:31","Spot","Sell","BTC","-0.00723500",""
"102371243","2021-05-11 01:39:31","Spot","Buy","USDT","402.73982015",""
"102371243","2021-05-11 01:39:31","Spot","Fee","USDT","-0.40273982",""
"102371243","2021-05-11 06:19:01","Spot","Fee","BNB","-0.00007317",""
"102371243","2021-05-11 06:19:01","Spot","Buy","ETC","0.59300000",""
"102371243","2021-05-11 06:19:01","Spot","Sell","USDT","-62.84021000",""
"102371243","2021-05-11 06:25:17","Spot","Sell","BTC","-0.00061560",""
"102371243","2021-05-11 06:25:17","Spot","Buy","NULS","30.00000000",""
"102371243","2021-05-11 06:25:17","Spot","Fee","NULS","-0.03000000",""
"102371243","2021-05-11 06:57:29","Spot","Fee","SHIB","-1562.50000000",""
"102371243","2021-05-11 06:57:29","Spot","Buy","SHIB","1562500.00000000",""
"102371243","2021-05-11 06:57:29","Spot","Sell","USDT","-50.01562500",""
"102371243","2021-05-11 07:56:32","Spot","Buy","SHIB","1661129.00000000",""
"102371243","2021-05-11 07:56:32","Spot","Sell","USDT","-49.99998290",""
"102371243","2021-05-11 07:56:32","Spot","Fee","SHIB","-1661.13000000",""
"102371243","2021-05-12 04:22:37","Spot","Buy","SHIB","1701520.00000000",""
"102371243","2021-05-12 04:22:37","Spot","Sell","USDT","-47.48942320",""
"102371243","2021-05-12 04:22:37","Spot","Fee","SHIB","-1701.52000000",""
"102371243","2021-05-12 04:27:52","Spot","Sell","USDT","-35.34499076",""
"102371243","2021-05-12 04:27:52","Spot","Fee","SHIB","-1274.61000000",""
"102371243","2021-05-12 04:27:52","Spot","Buy","SHIB","1274612.00000000",""
"102371243","2021-05-12 04:47:02","Spot","Sell","USDT","-49.99998537",""
"102371243","2021-05-12 04:47:02","Spot","Buy","SHIB","1922337.00000000",""
"102371243","2021-05-12 04:47:02","Spot","Fee","SHIB","-1922.34000000",""
"102371243","2021-05-12 05:08:58","Spot","Sell","BTC","-0.00348200",""
"102371243","2021-05-12 05:08:58","Spot","Fee","USDT","-0.20002513",""
"102371243","2021-05-12 05:08:58","Spot","Buy","USDT","200.02512654",""
"102371243","2021-05-12 05:09:49","Spot","Sell","USDT","-49.95625636",""
"102371243","2021-05-12 05:09:49","Spot","Fee","SHIB","-1952.94000000",""
"102371243","2021-05-12 05:09:49","Spot","Buy","SHIB","1952942.00000000",""
"102371243","2021-05-12 09:40:48","Spot","Sell","USDT","-24.96686920",""
"102371243","2021-05-12 09:40:48","Spot","Buy","WIN","22918.00000000",""
"102371243","2021-05-12 09:40:48","Spot","Fee","WIN","-22.91800000",""
"102371243","2021-05-12 15:00:30","Spot","Fee","RLC","-0.00600000",""
"102371243","2021-05-12 15:00:30","Spot","Buy","RLC","6.00000000",""
"102371243","2021-05-12 15:00:30","Spot","Sell","BTC","-0.00091320",""
"102371243","2021-05-12 16:42:40","Spot","Sell","USDT","-53.32344585",""
"102371243","2021-05-12 16:42:40","Spot","Fee","SHIB","-2132.09000000",""
"102371243","2021-05-12 16:42:40","Spot","Buy","SHIB","2132085.00000000",""
"102371243","2021-05-12 16:45:39","Spot","Sell","USDT","-49.99998252",""
"102371243","2021-05-12 16:45:39","Spot","Buy","SHIB","2039151.00000000",""
"102371243","2021-05-12 16:45:39","Spot","Fee","SHIB","-2039.15000000",""
"102371243","2021-05-12 17:44:13","Spot","Fee","SHIB","-2219.96000000",""
"102371243","2021-05-12 17:44:13","Spot","Sell","USDT","-53.32343920",""
"102371243","2021-05-12 17:44:13","Spot","Buy","SHIB","2219960.00000000",""
"102371243","2021-05-12 20:08:02","Spot","Fee","USDT","-0.13735821",""
"102371243","2021-05-12 20:08:02","Spot","Buy","USDT","137.35820925",""
"102371243","2021-05-12 20:08:02","Spot","Sell","BTC","-0.00252900",""
"102371243","2021-05-12 20:08:03","Spot","Fee","BNB","-3.1E-7",""
"102371243","2021-05-12 20:08:03","Spot","Sell","BTC","-0.00000500",""
"102371243","2021-05-12 20:08:03","Spot","Buy","USDT","0.27156625",""
"102371243","2021-05-12 20:17:55","Spot","Buy","SHIB","3197498.00000000",""
"102371243","2021-05-12 20:17:55","Spot","Sell","USDT","-68.74620700",""
"102371243","2021-05-12 20:17:55","Spot","Fee","SHIB","-3197.50000000",""
"102371243","2021-05-12 20:34:39","Spot","Deposit","LTC","1.71031778",""
"102371243","2021-05-12 21:16:02","Spot","Buy","SHIB","913439.00000000",""
"102371243","2021-05-12 21:16:02","Spot","Fee","SHIB","-913.44000000",""
"102371243","2021-05-12 21:16:02","Spot","Sell","USDT","-18.72549950",""
"102371243","2021-05-12 22:01:24","Spot","Buy","SHIB","2948897.00000000",""
"102371243","2021-05-12 22:01:24","Spot","Sell","USDT","-56.17648785",""
"102371243","2021-05-12 22:01:24","Spot","Fee","SHIB","-2948.90000000",""
"102371243","2021-05-13 04:09:54","Spot","Buy","BTC","0.00212256",""
"102371243","2021-05-13 04:09:54","Spot","Sell","LTC","-0.33000000",""
"102371243","2021-05-13 04:09:54","Spot","Sell","LTC","-0.99000000",""
"102371243","2021-05-13 04:09:54","Spot","Fee","BTC","-8.4E-7",""
"102371243","2021-05-13 04:09:54","Spot","Buy","BTC","0.00167206",""
"102371243","2021-05-13 04:09:54","Spot","Buy","BTC","0.00083603",""
"102371243","2021-05-13 04:09:54","Spot","Fee","BTC","-0.00000637",""
"102371243","2021-05-13 04:09:54","Spot","Buy","BTC","0.00636669",""
"102371243","2021-05-13 04:09:54","Spot","Sell","LTC","-0.13000000",""
"102371243","2021-05-13 04:09:54","Spot","Sell","LTC","-0.26000000",""
"102371243","2021-05-13 04:09:54","Spot","Fee","BTC","-0.00000167",""
"102371243","2021-05-13 04:09:54","Spot","Fee","BTC","-0.00000212",""
"102371243","2021-05-13 04:16:09","Spot","Fee","DOGE","-0.20000000",""
"102371243","2021-05-13 04:16:09","Spot","Sell","BTC","-0.00172000",""
"102371243","2021-05-13 04:16:09","Spot","Buy","DOGE","200.00000000",""
"102371243","2021-05-13 04:18:02","Spot","Fee","ETC","-0.00050000",""
"102371243","2021-05-13 04:18:02","Spot","Sell","BTC","-0.00090640",""
"102371243","2021-05-13 04:18:02","Spot","Buy","ETC","0.50000000",""
"102371243","2021-05-13 04:28:48","Spot","Sell","BTC","-0.00061660",""
"102371243","2021-05-13 04:28:48","Spot","Fee","ICP","-0.00010000",""
"102371243","2021-05-13 04:28:48","Spot","Buy","ICP","0.10000000",""
"102371243","2021-05-13 04:39:31","Spot","Sell","BTC","-0.00192720",""
"102371243","2021-05-13 04:39:31","Spot","Buy","DOGE","220.00000000",""
"102371243","2021-05-13 04:39:31","Spot","Fee","DOGE","-0.22000000",""
"102371243","2021-05-13 04:56:02","Spot","Sell","USDT","-17.18656095",""
"102371243","2021-05-13 04:56:02","Spot","Buy","SHIB","836329.00000000",""
"102371243","2021-05-13 04:56:02","Spot","Fee","SHIB","-836.33000000",""
"102371243","2021-05-13 08:33:40","Spot","Sell","BTC","-0.00060360",""
"102371243","2021-05-13 08:33:40","Spot","Fee","NULS","-0.03000000",""
"102371243","2021-05-13 08:33:40","Spot","Buy","NULS","30.00000000",""
"102371243","2021-05-13 09:24:32","Spot","Fee","DOGE","-0.20000000",""
"102371243","2021-05-13 09:24:32","Spot","Sell","BTC","-0.00160200",""
"102371243","2021-05-13 09:24:32","Spot","Buy","DOGE","200.00000000",""
"102371243","2021-05-13 09:39:07","Spot","Fee","USDT","-0.15733406",""
"102371243","2021-05-13 09:39:07","Spot","Buy","USDT","157.33406160",""
"102371243","2021-05-13 09:39:07","Spot","Sell","BTC","-0.00316000",""
"102371243","2021-05-13 09:41:14","Spot","Fee","SHIB","-2375.71000000",""
"102371243","2021-05-13 09:41:14","Spot","Sell","USDT","-39.65053314",""
"102371243","2021-05-13 09:41:14","Spot","Buy","SHIB","2375706.00000000",""
"102371243","2021-05-13 09:50:30","Spot","Buy","SHIB","3212440.00000000",""
"102371243","2021-05-13 09:50:30","Spot","Fee","SHIB","-3212.44000000",""
"102371243","2021-05-13 09:50:30","Spot","Sell","USDT","-51.55966200",""
"102371243","2021-05-13 11:01:15","Spot","Sell","USDT","-29.38154016",""
"102371243","2021-05-13 11:01:15","Spot","Fee","SHIB","-1890.70000000",""
"102371243","2021-05-13 11:01:15","Spot","Buy","SHIB","1890704.00000000",""
"102371243","2021-05-13 18:32:41","Spot","Buy","SHIB","1147716.00000000",""
"102371243","2021-05-13 18:32:41","Spot","Fee","SHIB","-1147.72000000",""
"102371243","2021-05-13 18:32:41","Spot","Sell","USDT","-21.95580708",""
"102371243","2021-05-14 04:55:26","Spot","Fee","BTT","-5.63900000",""
"102371243","2021-05-14 04:55:26","Spot","Buy","BTT","5639.00000000",""
"102371243","2021-05-14 04:55:26","Spot","Sell","USDT","-33.08965200",""
"102371243","2021-05-14 07:56:25","Spot","Sell","BTC","-0.00105128",""
"102371243","2021-05-14 07:56:25","Spot","Fee","CAKE","-0.00170000",""
"102371243","2021-05-14 07:56:25","Spot","Buy","CAKE","1.70000000",""
"102371243","2021-05-14 08:04:43","Spot","Buy","DGB","300.00000000",""
"102371243","2021-05-14 08:04:43","Spot","Sell","BTC","-0.00071400",""
"102371243","2021-05-14 08:04:43","Spot","Fee","DGB","-0.30000000",""
"102371243","2021-05-15 00:45:36","Spot","Sell","ETH","-0.02500000",""
"102371243","2021-05-15 00:45:36","Spot","Fee","USDT","-0.10095975",""
"102371243","2021-05-15 00:45:36","Spot","Buy","USDT","100.95975000",""
"102371243","2021-05-15 00:54:08","Spot","Fee","SHIB","-1400.88000000",""
"102371243","2021-05-15 00:54:08","Spot","Buy","SHIB","1400882.00000000",""
"102371243","2021-05-15 00:54:08","Spot","Sell","USDT","-25.21587600",""
"102371243","2021-05-15 01:29:57","Spot","Buy","USDT","102.35400000",""
"102371243","2021-05-15 01:29:57","Spot","Fee","USDT","-0.10235400",""
"102371243","2021-05-15 01:29:57","Spot","Sell","ETH","-0.02500000",""
"102371243","2021-05-15 01:49:35","Spot","Sell","BTC","-0.00033810",""
"102371243","2021-05-15 01:49:35","Spot","Buy","BAT","14.00000000",""
"102371243","2021-05-15 01:49:35","Spot","Fee","BAT","-0.01400000",""
"102371243","2021-05-15 02:08:38","Spot","Fee","ICP","-0.00007000",""
"102371243","2021-05-15 02:08:38","Spot","Sell","BTC","-0.00041426",""
"102371243","2021-05-15 02:08:38","Spot","Buy","ICP","0.07000000",""
"102371243","2021-05-15 03:03:13","Spot","Fee","SHIB","-1080.06000000",""
"102371243","2021-05-15 03:03:13","Spot","Sell","USDT","-18.91192064",""
"102371243","2021-05-15 03:03:13","Spot","Buy","SHIB","1080064.00000000",""
"102371243","2021-05-15 03:14:15","Spot","Buy","SHIB","1667718.00000000",""
"102371243","2021-05-15 03:14:15","Spot","Sell","USDT","-28.36788318",""
"102371243","2021-05-15 03:14:15","Spot","Fee","SHIB","-1667.72000000",""
"102371243","2021-05-15 06:23:02","Spot","Sell","USDT","-33.72000000",""
"102371243","2021-05-15 06:23:02","Spot","Fee","ICP","-0.00012000",""
"102371243","2021-05-15 06:23:02","Spot","Buy","ICP","0.12000000",""
"102371243","2021-05-15 10:59:56","Spot","Sell","BTC","-0.00033914",""
"102371243","2021-05-15 10:59:56","Spot","Buy","SC","547.00000000",""
"102371243","2021-05-15 10:59:56","Spot","Fee","SC","-0.54700000",""
"102371243","2021-05-15 13:57:05","Spot","Buy","ICP","0.08000000",""
"102371243","2021-05-15 13:57:05","Spot","Fee","ICP","-0.00008000",""
"102371243","2021-05-15 13:57:05","Spot","Sell","USDT","-21.80000000",""
"102371243","2021-05-15 14:35:52","Spot","Buy","SHIB","1718225.00000000",""
"102371243","2021-05-15 14:35:52","Spot","Sell","USDT","-28.36789475",""
"102371243","2021-05-15 14:35:52","Spot","Fee","SHIB","-1718.23000000",""
"102371243","2021-05-15 15:08:16","Spot","Sell","BTC","-0.00010782",""
"102371243","2021-05-15 15:08:16","Spot","Fee","BNB","-0.00000675",""
"102371243","2021-05-15 15:08:16","Spot","Buy","ICP","0.02000000",""
"102371243","2021-05-15 15:44:52","Spot","Buy","SHIB","2061957.00000000",""
"102371243","2021-05-15 15:44:52","Spot","Sell","USDT","-33.09440985",""
"102371243","2021-05-15 15:44:52","Spot","Fee","SHIB","-2061.96000000",""
"102371243","2021-05-15 16:20:12","Spot","Deposit","LTC","2.18151462",""
"102371243","2021-05-15 16:21:27","Spot","Fee","BTC","-0.00000695",""
"102371243","2021-05-15 16:21:27","Spot","Buy","BTC","0.00695420",""
"102371243","2021-05-15 16:21:27","Spot","Sell","LTC","-1.09000000",""
"102371243","2021-05-15 16:24:24","Spot","Buy","USDT","167.98196610",""
"102371243","2021-05-15 16:24:24","Spot","Sell","LTC","-0.54591000",""
"102371243","2021-05-15 16:24:24","Spot","Fee","USDT","-0.16798197",""
"102371243","2021-05-15 16:26:42","Spot","Sell","USDT","-32.38243620",""
"102371243","2021-05-15 16:26:42","Spot","Buy","SHIB","2105490.00000000",""
"102371243","2021-05-15 16:26:42","Spot","Fee","SHIB","-2105.49000000",""
"102371243","2021-05-15 16:33:17","Spot","Sell","USDT","-46.26000000",""
"102371243","2021-05-15 16:33:17","Spot","Fee","ICP","-0.00018000",""
"102371243","2021-05-15 16:33:17","Spot","Buy","ICP","0.18000000",""
"102371243","2021-05-15 17:36:07","Funding","Transfer Between Main and Funding Wallet","ETH","-0.00700000",""
"102371243","2021-05-15 17:36:07","Spot","Transfer Between Main and Funding Wallet","ETH","0.00700000",""
"102371243","2021-05-15 18:11:08","Spot","Buy","ICP","0.07000000",""
"102371243","2021-05-15 18:11:08","Spot","Sell","USDT","-32.89000000",""
"102371243","2021-05-15 18:11:08","Spot","Fee","ICP","-0.00007000",""
"102371243","2021-05-15 18:11:08","Spot","Sell","USDT","-17.71000000",""
"102371243","2021-05-15 18:11:08","Spot","Fee","ICP","-0.00013000",""
"102371243","2021-05-15 18:11:08","Spot","Buy","ICP","0.13000000",""
"102371243","2021-05-15 19:02:43","Spot","Buy","REN","12.00000000",""
"102371243","2021-05-15 19:02:43","Spot","Sell","BTC","-0.00019812",""
"102371243","2021-05-15 19:02:43","Spot","Fee","REN","-0.01200000",""
"102371243","2021-05-15 19:05:21","Spot","Sell","BTC","-0.00079248",""
"102371243","2021-05-15 19:05:21","Spot","Buy","REN","48.00000000",""
"102371243","2021-05-15 19:05:21","Spot","Fee","REN","-0.04800000",""
"102371243","2021-05-15 20:15:34","Spot","Buy","USDT","84.35555840",""
"102371243","2021-05-15 20:15:34","Spot","Sell","LTC","-0.27296000",""
"102371243","2021-05-15 20:15:34","Spot","Fee","USDT","-0.08435556",""
"102371243","2021-05-15 20:30:51","Spot","Sell","USDT","-67.63874400",""
"102371243","2021-05-15 20:30:51","Spot","Fee","HOT","-6.08700000",""
"102371243","2021-05-15 20:30:51","Spot","Buy","HOT","6087.00000000",""
"102371243","2021-05-16 13:18:08","Spot","Sell","LTC","-0.27296000",""
"102371243","2021-05-16 13:18:08","Spot","Fee","USDT","-0.08561663",""
"102371243","2021-05-16 13:18:08","Spot","Buy","USDT","85.61663360",""
"102371243","2021-05-16 17:44:20","Spot","Fee","ICP","-0.00023000",""
"102371243","2021-05-16 17:44:20","Spot","Buy","ICP","0.23000000",""
"102371243","2021-05-16 17:44:20","Spot","Sell","BTC","-0.00113160",""
"102371243","2021-05-16 18:49:04","Spot","Buy","SHIB","1457768.00000000",""
"102371243","2021-05-16 18:49:04","Spot","Fee","SHIB","-1457.77000000",""
"102371243","2021-05-16 18:49:04","Spot","Sell","USDT","-20.48164040",""
"102371243","2021-05-16 19:12:29","Spot","Sell","USDT","-26.25000000",""
"102371243","2021-05-16 19:12:29","Spot","Fee","DGB","-0.25000000",""
"102371243","2021-05-16 19:12:29","Spot","Buy","DGB","250.00000000",""
"102371243","2021-05-16 19:54:04","Spot","Fee","SHIB","-1638.60000000",""
"102371243","2021-05-16 19:54:04","Spot","Buy","SHIB","1638602.00000000",""
"102371243","2021-05-16 19:54:04","Spot","Sell","USDT","-21.38375610",""
"102371243","2021-05-17 01:56:59","Spot","Fee","SC","-0.50000000",""
"102371243","2021-05-17 01:56:59","Spot","Sell","BTC","-0.00030000",""
"102371243","2021-05-17 01:56:59","Spot","Buy","SC","500.00000000",""
"102371243","2021-05-17 06:02:36","Spot","Deposit","ZAR","4905.00000000",""
"102371243","2021-05-17 06:02:36","Spot","Transaction Related","ZAR","-4905.00000000",""
"102371243","2021-05-17 06:02:36","Spot","Transaction Related","USDT","337.20559214",""
"102371243","2021-05-17 06:03:11","Spot","Transaction Related","ZAR","-4905.00000000",""
"102371243","2021-05-17 06:03:11","Spot","Deposit","ZAR","4905.00000000",""
"102371243","2021-05-17 06:03:11","Spot","Transaction Related","USDT","337.20887939",""
"102371243","2021-05-17 13:12:02","Spot","Sell","USDT","-49.97916000",""
"102371243","2021-05-17 13:12:02","Spot","Buy","SC","1848.00000000",""
"102371243","2021-05-17 13:12:02","Spot","Fee","SC","-1.84800000",""
"102371243","2021-05-17 15:37:31","Spot","Sell","USDT","-32.16000000",""
"102371243","2021-05-17 15:37:31","Spot","Fee","ICP","-0.00016000",""
"102371243","2021-05-17 15:37:31","Spot","Buy","ICP","0.16000000",""
"102371243","2021-05-17 15:37:32","Spot","Buy","ICP","0.08000000",""
"102371243","2021-05-17 15:37:32","Spot","Fee","ICP","-0.00008000",""
"102371243","2021-05-17 15:37:32","Spot","Sell","USDT","-16.08000000",""
"102371243","2021-05-17 18:16:09","Spot","Buy","DOGE","103.60000000",""
"102371243","2021-05-17 18:16:09","Spot","Fee","DOGE","-0.10360000",""
"102371243","2021-05-17 18:16:09","Spot","Sell","USDT","-49.96938800",""
"102371243","2021-05-17 18:18:00","Spot","Buy","ICP","0.15000000",""
"102371243","2021-05-17 18:18:00","Spot","Sell","USDT","-29.00100000",""
"102371243","2021-05-17 18:18:00","Spot","Fee","ICP","-0.00015000",""
"102371243","2021-05-17 18:20:01","Spot","Buy","DGB","205.20000000",""
"102371243","2021-05-17 18:20:01","Spot","Sell","USDT","-19.99263600",""
"102371243","2021-05-17 18:20:01","Spot","Fee","DGB","-0.20520000",""
"102371243","2021-05-17 18:24:49","Spot","Fee","RLC","-0.00674000",""
"102371243","2021-05-17 18:24:49","Spot","Buy","RLC","6.74000000",""
"102371243","2021-05-17 18:24:49","Spot","Sell","USDT","-49.98721000",""
"102371243","2021-05-17 18:27:02","Spot","Fee","WIN","-34.95500000",""
"102371243","2021-05-17 18:27:02","Spot","Buy","WIN","34955.00000000",""
"102371243","2021-05-17 18:27:02","Spot","Sell","USDT","-0.35446400",""
"102371243","2021-05-17 18:27:02","Spot","Fee","BNB","-5.1E-7",""
"102371243","2021-05-17 18:27:02","Spot","Sell","USDT","-29.64184000",""
"102371243","2021-05-17 18:27:02","Spot","Buy","WIN","418.00000000",""
"102371243","2021-05-17 18:27:13","Spot","Sell","USDT","-29.96056800",""
"102371243","2021-05-17 18:27:13","Spot","Buy","REN","41.80000000",""
"102371243","2021-05-17 18:27:13","Spot","Fee","REN","-0.04180000",""
"102371243","2021-05-17 18:27:55","Spot","Buy","CAKE","1.52600000",""
"102371243","2021-05-17 18:27:55","Spot","Sell","USDT","-39.97051800",""
"102371243","2021-05-17 18:27:55","Spot","Fee","CAKE","-0.00152600",""
"102371243","2021-05-17 18:29:52","Spot","Sell","USDT","-49.79860200",""
"102371243","2021-05-17 18:29:52","Spot","Buy","NULS","60.34000000",""
"102371243","2021-05-17 18:29:52","Spot","Fee","NULS","-0.06034000",""
"102371243","2021-05-17 18:30:59","Spot","Fee","CAKE","-0.00114900",""
"102371243","2021-05-17 18:30:59","Spot","Buy","CAKE","1.14900000",""
"102371243","2021-05-17 18:30:59","Spot","Sell","USDT","-29.83263600",""
"102371243","2021-05-17 18:34:33","Spot","Buy","FTM","50.60000000",""
"102371243","2021-05-17 18:34:33","Spot","Fee","FTM","-0.05060000",""
"102371243","2021-05-17 18:34:33","Spot","Sell","USDT","-29.53370200",""
"102371243","2021-05-18 12:39:50","Spot","Buy","ICP","0.26000000",""
"102371243","2021-05-18 12:39:50","Spot","Sell","USDT","-48.23000000",""
"102371243","2021-05-18 12:39:50","Spot","Fee","ICP","-0.00026000",""
"102371243","2021-05-18 22:23:05","Spot","Fee","ICP","-0.00044000",""
"102371243","2021-05-18 22:23:05","Spot","Sell","BTC","-0.00169092",""
"102371243","2021-05-18 22:23:05","Spot","Buy","ICP","0.44000000",""
"102371243","2021-05-19 01:16:33","Spot","Buy","DOGE","108.60000000",""
"102371243","2021-05-19 01:16:33","Spot","Fee","DOGE","-0.10860000",""
"102371243","2021-05-19 01:16:33","Spot","Sell","USDT","-49.95600000",""
"102371243","2021-05-19 02:59:28","Spot","Buy","ETC","0.49300000",""
"102371243","2021-05-19 02:59:28","Spot","Sell","USDT","-39.98230000",""
"102371243","2021-05-19 02:59:28","Spot","Fee","ETC","-0.00049300",""
"102371243","2021-05-19 03:57:58","Spot","Sell","USDT","-38.20000000",""
"102371243","2021-05-19 03:57:58","Spot","Buy","DGB","400.00000000",""
"102371243","2021-05-19 03:57:58","Spot","Fee","DGB","-0.40000000",""
"102371243","2021-05-19 04:18:12","Spot","Buy","ETC","0.25300000",""
"102371243","2021-05-19 04:18:12","Spot","Sell","USDT","-19.90629300",""
"102371243","2021-05-19 04:18:12","Spot","Fee","ETC","-0.00025300",""
"102371243","2021-05-19 04:18:38","Spot","Fee","CAKE","-0.00103100",""
"102371243","2021-05-19 04:18:38","Spot","Sell","USDT","-24.26561600",""
"102371243","2021-05-19 04:18:38","Spot","Buy","CAKE","1.03100000",""
"102371243","2021-05-19 04:21:13","Spot","Sell","USDT","-15.58700000",""
"102371243","2021-05-19 04:21:13","Spot","Fee","ICP","-0.00010000",""
"102371243","2021-05-19 04:21:13","Spot","Buy","ICP","0.10000000",""
"102371243","2021-05-19 04:21:50","Spot","Sell","USDT","-10.93206100",""
"102371243","2021-05-19 04:21:50","Spot","Buy","REN","16.10000000",""
"102371243","2021-05-19 04:21:50","Spot","Fee","REN","-0.01610000",""
"102371243","2021-05-19 04:54:59","Spot","Buy","SHIB","1663674.00000000",""
"102371243","2021-05-19 04:54:59","Spot","Sell","USDT","-20.04727170",""
"102371243","2021-05-19 04:54:59","Spot","Fee","SHIB","-1663.67000000",""
"102371243","2021-05-19 04:55:50","Spot","Sell","USDT","-28.11963300",""
"102371243","2021-05-19 04:55:50","Spot","Fee","DOGE","-0.07270000",""
"102371243","2021-05-19 04:55:50","Spot","Buy","DOGE","72.70000000",""
"102371243","2021-05-19 08:26:31","Spot","Transaction Related","ZAR","-4905.00000000","631bfd2748b64034b36693d295982d55"
"102371243","2021-05-19 08:26:31","Spot","Transaction Related","USDT","340.78543834","631bfd2748b64034b36693d295982d55"
"102371243","2021-05-19 08:26:31","Spot","Deposit","ZAR","4905.00000000",""
"102371243","2021-05-19 08:29:22","Spot","Deposit","ZAR","4905.00000000",""
"102371243","2021-05-19 08:29:22","Spot","Transaction Related","ZAR","-4905.00000000",""
"102371243","2021-05-19 08:29:22","Spot","Transaction Related","USDT","340.81953052",""
"102371243","2021-05-19 08:30:32","Spot","Sell","USDT","-49.73261118",""
"102371243","2021-05-19 08:30:32","Spot","Fee","SHIB","-3819.71000000",""
"102371243","2021-05-19 08:30:32","Spot","Buy","SHIB","3819709.00000000",""
"102371243","2021-05-19 08:32:11","Spot","Sell","USDT","-74.39640000",""
"102371243","2021-05-19 08:32:11","Spot","Fee","ICP","-0.00052000",""
"102371243","2021-05-19 08:32:11","Spot","Buy","ICP","0.52000000",""
"102371243","2021-05-19 08:33:53","Spot","Fee","ETC","-0.00097400",""
"102371243","2021-05-19 08:33:53","Spot","Buy","ETC","0.97400000",""
"102371243","2021-05-19 08:33:53","Spot","Sell","USDT","-74.93663800",""
"102371243","2021-05-19 08:34:20","Spot","Buy","DGB","562.90000000",""
"102371243","2021-05-19 08:34:20","Spot","Sell","USDT","-49.99114900",""
"102371243","2021-05-19 08:34:20","Spot","Fee","DGB","-0.56290000",""
"102371243","2021-05-19 08:35:53","Spot","Fee","NULS","-0.04005000",""
"102371243","2021-05-19 08:35:53","Spot","Sell","USDT","-29.90133000",""
"102371243","2021-05-19 08:35:53","Spot","Buy","NULS","40.05000000",""
"102371243","2021-05-19 08:37:04","Spot","Fee","RLC","-0.00103000",""
"102371243","2021-05-19 08:37:04","Spot","Buy","RLC","1.03000000",""
"102371243","2021-05-19 08:37:04","Spot","Sell","USDT","-6.20873700",""
"102371243","2021-05-19 08:49:47","Spot","Buy","RLC","8.10000000",""
"102371243","2021-05-19 08:49:47","Spot","Sell","USDT","-49.98915000",""
"102371243","2021-05-19 08:49:47","Spot","Fee","RLC","-0.00810000",""
"102371243","2021-05-19 08:53:41","Spot","Sell","USDT","-49.99122000",""
"102371243","2021-05-19 08:53:41","Spot","Buy","SC","2108.00000000",""
"102371243","2021-05-19 08:53:41","Spot","Fee","SC","-2.10800000",""
"102371243","2021-05-19 10:32:06","Spot","Buy","BAT","52.80000000",""
"102371243","2021-05-19 10:32:06","Spot","Fee","BAT","-0.05280000",""
"102371243","2021-05-19 10:32:06","Spot","Sell","USDT","-49.92768000",""
"102371243","2021-05-19 10:32:52","Spot","Buy","HOT","5349.00000000",""
"102371243","2021-05-19 10:32:52","Spot","Fee","HOT","-5.34900000",""
"102371243","2021-05-19 10:32:52","Spot","Sell","USDT","-49.86337800",""
"102371243","2021-05-19 10:33:28","Spot","Fee","ZIL","-0.32470000",""
"102371243","2021-05-19 10:33:28","Spot","Buy","ZIL","324.70000000",""
"102371243","2021-05-19 10:33:28","Spot","Sell","USDT","-49.14334500",""
"102371243","2021-05-19 10:33:58","Spot","Sell","USDT","-36.87019800",""
"102371243","2021-05-19 10:33:58","Spot","Fee","AVAX","-0.00116700",""
"102371243","2021-05-19 10:33:58","Spot","Buy","AVAX","1.16700000",""
"102371243","2021-05-19 10:34:21","Spot","Fee","TFUEL","-0.13830000",""
"102371243","2021-05-19 10:34:21","Spot","Buy","TFUEL","138.30000000",""
"102371243","2021-05-19 10:34:21","Spot","Sell","USDT","-39.99497700",""
"102371243","2021-05-19 10:35:02","Spot","Buy","BTT","7510.00000000",""
"102371243","2021-05-19 10:35:02","Spot","Fee","BTT","-7.51000000",""
"102371243","2021-05-19 10:35:02","Spot","Sell","USDT","-35.23316500",""
"102371243","2021-05-19 10:36:01","Spot","Fee","TRX","-0.26380000",""
"102371243","2021-05-19 10:36:01","Spot","Sell","USDT","-26.56466000",""
"102371243","2021-05-19 10:36:01","Spot","Buy","TRX","263.80000000",""
"102371243","2021-05-19 10:47:22","Spot","Sell","USDT","-27.05888500",""
"102371243","2021-05-19 10:47:22","Spot","Buy","TROY","1855.00000000",""
"102371243","2021-05-19 10:47:22","Spot","Fee","TROY","-1.85500000",""
"102371243","2021-05-19 11:27:29","Spot","Buy","SHIB","1362032.00000000",""
"102371243","2021-05-19 11:27:29","Spot","Sell","USDT","-15.05045360",""
"102371243","2021-05-19 11:27:29","Spot","Fee","SHIB","-815.05000000",""
"102371243","2021-05-19 11:27:29","Spot","Sell","USDT","-9.00626935",""
"102371243","2021-05-19 11:27:29","Spot","Buy","SHIB","815047.00000000",""
"102371243","2021-05-19 11:27:29","Spot","Fee","SHIB","-1362.03000000",""
"102371243","2021-05-19 11:33:11","Spot","Buy","BAT","12.00000000",""
"102371243","2021-05-19 11:33:11","Spot","Fee","BAT","-0.01200000",""
"102371243","2021-05-19 11:33:11","Spot","Sell","BTC","-0.00026760",""
"102371243","2021-05-19 12:50:43","Spot","Buy","CHZ","56.00000000",""
"102371243","2021-05-19 12:50:43","Spot","Buy","CHZ","144.00000000",""
"102371243","2021-05-19 12:50:43","Spot","Fee","CHZ","-0.14400000",""
"102371243","2021-05-19 12:50:43","Spot","Sell","BTC","-0.00102960",""
"102371243","2021-05-19 12:50:43","Spot","Sell","BTC","-0.00040040",""
"102371243","2021-05-19 12:50:43","Spot","Fee","CHZ","-0.05600000",""
"102371243","2021-05-21 20:39:11","Spot","Deposit","ZAR","4905.00000000",""
"102371243","2021-05-21 20:39:11","Spot","Transaction Related","USDT","341.90468819","553a6b62a6a1476ca04c79c89b8ff668"
"102371243","2021-05-21 20:39:11","Spot","Transaction Related","ZAR","-4905.00000000","553a6b62a6a1476ca04c79c89b8ff668"
"102371243","2021-05-21 20:42:41","Spot","Fee","SHIB","-11872.47000000",""
"102371243","2021-05-21 20:42:41","Spot","Sell","USDT","-85.71926228",""
"102371243","2021-05-21 20:42:41","Spot","Buy","SHIB","11872474.00000000",""
"102371243","2021-05-21 20:46:08","Spot","Fee","DOGE","-0.18680000",""
"102371243","2021-05-21 20:46:08","Spot","Sell","USDT","-63.81835200",""
"102371243","2021-05-21 20:46:08","Spot","Buy","DOGE","186.80000000",""
"102371243","2021-05-21 20:48:43","Spot","Sell","USDT","-30.60460000",""
"102371243","2021-05-21 20:48:43","Spot","Buy","CAKE","2.05400000",""
"102371243","2021-05-21 20:48:43","Spot","Fee","CAKE","-0.00205400",""
"102371243","2021-05-21 20:49:10","Spot","Fee","CAKE","-0.00154100",""
"102371243","2021-05-21 20:49:10","Spot","Sell","USDT","-22.79601300",""
"102371243","2021-05-21 20:49:10","Spot","Buy","CAKE","1.54100000",""
"102371243","2021-05-21 20:49:31","Spot","Buy","HOT","4872.00000000",""
"102371243","2021-05-21 20:49:31","Spot","Sell","USDT","-34.50837600",""
"102371243","2021-05-21 20:49:31","Spot","Fee","HOT","-4.87200000",""
"102371243","2021-05-21 20:50:23","Spot","Buy","ZIL","158.60000000",""
"102371243","2021-05-21 20:50:23","Spot","Sell","USDT","-17.18906800",""
"102371243","2021-05-21 20:50:23","Spot","Fee","ZIL","-0.15860000",""
"102371243","2021-05-21 20:51:04","Spot","Sell","USDT","-17.30678400",""
"102371243","2021-05-21 20:51:04","Spot","Buy","BAT","24.28000000",""
"102371243","2021-05-21 20:51:04","Spot","Fee","BAT","-0.02428000",""
"102371243","2021-05-21 21:02:31","Spot","Transaction Related","ZAR","-4905.00000000",""
"102371243","2021-05-21 21:02:31","Spot","Deposit","ZAR","4905.00000000",""
"102371243","2021-05-21 21:02:32","Spot","Transaction Related","USDT","341.79663950",""
"102371243","2021-05-23 12:22:38","Spot","Buy","ETC","1.37200000",""
"102371243","2021-05-23 12:22:38","Spot","Fee","ETC","-0.00137200",""
"102371243","2021-05-23 12:22:38","Spot","Sell","USDT","-69.97200000",""
"102371243","2021-05-23 12:43:19","Spot","Buy","ETH","0.08764000",""
"102371243","2021-05-23 12:43:19","Spot","Sell","USDT","-170.89800000",""
"102371243","2021-05-23 12:43:19","Spot","Fee","ETH","-0.00008764",""
"102371243","2021-06-08 15:16:04","Spot","Fee","SHIB","-11848.91000000",""
"102371243","2021-06-08 15:16:04","Spot","Buy","SHIB","1503542.00000000",""
"102371243","2021-06-08 15:16:04","Spot","Sell","USDT","-75.83304960",""
"102371243","2021-06-08 15:16:04","Spot","Fee","SHIB","-1503.54000000",""
"102371243","2021-06-08 15:16:04","Spot","Sell","USDT","-9.62266880",""
"102371243","2021-06-08 15:16:04","Spot","Buy","SHIB","11848914.00000000",""
"102371243","2021-06-18 19:40:02","Spot","Airdrop Assets","NFT","19786.67420300",""
"102371243","2021-06-19 09:47:49","Spot","Airdrop Assets","NFT","39805.21107000",""
"102371243","2021-06-21 11:05:09","Spot","Fee","DOGE","-0.37150000",""
"102371243","2021-06-21 11:05:09","Spot","Sell","USDT","-85.44500000",""
"102371243","2021-06-21 11:05:09","Spot","Buy","DOGE","371.50000000",""
"102371243","2021-06-21 11:33:05","Spot","Deposit","ZAR","9810.00000000",""
"102371243","2021-06-21 11:33:05","Spot","Transaction Related","USDT","671.07126330","1fd795f2c0444097a97f282fd7f1f51"
"102371243","2021-06-21 11:33:05","Spot","Transaction Related","ZAR","-9810.00000000","1fd795f2c0444097a97f282fd7f1f51"
"102371243","2021-06-21 13:19:55","Spot","Buy","XRP","200.00000000",""
"102371243","2021-06-21 13:19:55","Spot","Fee","XRP","-0.20000000",""
"102371243","2021-06-21 13:19:55","Spot","Sell","USDT","-133.86000000",""
"102371243","2021-06-21 16:29:57","Spot","Buy","XRP","100.00000000",""
"102371243","2021-06-21 16:29:57","Spot","Sell","USDT","-66.40000000",""
"102371243","2021-06-21 16:29:57","Spot","Fee","XRP","-0.10000000",""
"102371243","2021-06-21 16:31:54","Spot","Buy","XRP","100.00000000",""
"102371243","2021-06-21 16:31:54","Spot","Sell","USDT","-66.18000000",""
"102371243","2021-06-21 16:31:54","Spot","Fee","XRP","-0.10000000",""
"102371243","2021-06-21 17:55:53","Spot","Fee","ICP","-0.00200000",""
"102371243","2021-06-21 17:55:53","Spot","Buy","ICP","2.00000000",""
"102371243","2021-06-21 17:55:53","Spot","Sell","USDT","-77.00000000",""
"102371243","2021-06-21 17:56:53","Spot","Sell","USDT","-42.60800000",""
"102371243","2021-06-21 17:56:53","Spot","Fee","ETC","-0.00100000",""
"102371243","2021-06-21 17:56:53","Spot","Buy","ETC","1.00000000",""
"102371243","2021-06-21 17:58:29","Spot","Fee","DGB","-1.00000000",""
"102371243","2021-06-21 17:58:29","Spot","Buy","DGB","1000.00000000",""
"102371243","2021-06-21 17:58:29","Spot","Sell","USDT","-40.11000000",""
"102371243","2021-06-21 17:59:43","Spot","Sell","USDT","-61.76100000",""
"102371243","2021-06-21 17:59:43","Spot","Buy","DOGE","300.00000000",""
"102371243","2021-06-21 17:59:43","Spot","Fee","DOGE","-0.30000000",""
"102371243","2021-06-21 18:02:11","Spot","Fee","DOGE","-0.87720000",""
"102371243","2021-06-21 18:02:11","Spot","Buy","DOGE","877.20000000",""
"102371243","2021-06-21 18:02:11","Spot","Sell","USDT","-183.05409600",""
"102371243","2021-06-22 09:59:17","Spot","Transaction Related","USDT","665.91781467","955553afbf2b4d738328940644746280"
"102371243","2021-06-22 09:59:17","Spot","Deposit","ZAR","9810.00000000",""
"102371243","2021-06-22 09:59:17","Spot","Transaction Related","ZAR","-9810.00000000","955553afbf2b4d738328940644746280"
"102371243","2021-06-22 10:05:10","Spot","Buy","XRP","500.00000000",""
"102371243","2021-06-22 10:05:10","Spot","Sell","USDT","-290.45000000",""
"102371243","2021-06-22 10:05:10","Spot","Fee","XRP","-0.50000000",""
"102371243","2021-06-22 10:09:19","Spot","Fee","DOGE","-0.43170000",""
"102371243","2021-06-22 10:09:19","Spot","Sell","USDT","-79.68318600",""
"102371243","2021-06-22 10:09:19","Spot","Buy","DOGE","431.70000000",""
"102371243","2021-06-22 10:10:24","Spot","Buy","ICP","2.00000000",""
"102371243","2021-06-22 10:10:24","Spot","Fee","ICP","-0.00200000",""
"102371243","2021-06-22 10:10:24","Spot","Sell","USDT","-70.88000000",""
"102371243","2021-06-22 10:11:12","Spot","Buy","CAKE","5.00000000",""
"102371243","2021-06-22 10:11:12","Spot","Sell","USDT","-55.60000000",""
"102371243","2021-06-22 10:11:12","Spot","Fee","CAKE","-0.00500000",""
"102371243","2021-06-22 10:12:17","Spot","Sell","USDT","-42.31076000",""
"102371243","2021-06-22 10:12:17","Spot","Fee","SC","-4.59500000",""
"102371243","2021-06-22 10:12:17","Spot","Buy","SC","4595.00000000",""
"102371243","2021-06-22 12:01:32","Spot","Buy","XRP","229.01000000",""
"102371243","2021-06-22 12:01:32","Spot","Sell","USDT","-127.10055000",""
"102371243","2021-06-22 12:01:32","Spot","Fee","XRP","-0.22901000",""
"102371243","2021-07-23 06:07:02","Spot","Airdrop Assets","NFT","3296.28996700",""
"102371243","2021-07-23 13:35:02","Spot","Airdrop Assets","NFT","6634.20177900",""
"102371243","2021-08-26 05:27:09","Spot","Airdrop Assets","NFT","3294.41388700",""
"102371243","2021-08-26 13:46:19","Spot","Airdrop Assets","NFT","6634.20177900",""
"102371243","2021-10-07 01:08:10","Spot","Transaction Revenue","USDT","632.59868560",""
"102371243","2021-10-07 01:08:10","Spot","Transaction Sold","SHIB","-20308144.00000000",""
"102371243","2021-10-07 01:08:10","Spot","Transaction Fee","USDT","-0.63259869",""
"102371243","2021-10-10 13:26:22","Spot","Airdrop Assets","NFT","3293.46248000",""
"102371243","2021-10-11 09:31:17","Spot","Airdrop Assets","NFT","6634.20177900",""
"102371243","2021-10-11 12:23:39","Spot","Transaction Sold","SHIB","-11423331.00000000",""
"102371243","2021-10-11 12:23:39","Spot","Transaction Fee","USDT","-0.33184777",""
"102371243","2021-10-11 12:23:39","Spot","Transaction Revenue","USDT","331.84776555",""
"102371243","2021-10-24 06:49:11","Spot","Transaction Fee","USDT","-0.60162877",""
"102371243","2021-10-24 06:49:11","Spot","Transaction Sold","SHIB","-15231108.00000000",""
"102371243","2021-10-24 06:49:11","Spot","Transaction Revenue","USDT","601.62876600",""
"102371243","2021-10-27 02:30:18","Spot","Transaction Sold","SHIB","-8567499.00000000",""
"102371243","2021-10-27 02:30:18","Spot","Transaction Revenue","USDT","420.23582595",""
"102371243","2021-10-27 02:30:18","Spot","Transaction Fee","USDT","-0.42023583",""
"102371243","2021-10-27 07:07:15","Spot","Transaction Sold","SHIB","-6425624.00000000",""
"102371243","2021-10-27 07:07:15","Spot","Transaction Fee","USDT","-0.37943310",""
"102371243","2021-10-27 07:07:15","Spot","Transaction Revenue","USDT","379.43309720",""
"102371243","2021-10-27 15:33:02","Spot","Transaction Fee","USDT","-0.33276700",""
"102371243","2021-10-27 15:33:02","Spot","Transaction Revenue","USDT","332.76700290",""
"102371243","2021-10-27 15:33:02","Spot","Transaction Sold","SHIB","-4819218.00000000",""
"102371243","2021-10-27 19:16:18","Spot","Transaction Sold","SHIB","-7228827.00000000",""
"102371243","2021-10-27 19:16:18","Spot","Transaction Fee","USDT","-0.57143877",""
"102371243","2021-10-27 19:16:18","Spot","Transaction Revenue","USDT","571.43877435",""
"102371243","2021-10-28 14:30:18","Spot","Airdrop Assets","NFT","6634.20177900",""
"102371243","2021-10-28 20:41:33","Spot","Transaction Buy","SHIB","10056315.00000000",""
"102371243","2021-10-28 20:41:33","Spot","Transaction Spend","USDT","-624.99997725",""
"102371243","2021-10-28 20:41:33","Spot","Transaction Fee","SHIB","-10056.32000000",""
"102371243","2021-10-29 08:01:07","Spot","Transaction Fee","USDT","-0.72359436",""
"102371243","2021-10-29 08:01:07","Spot","Transaction Revenue","USDT","723.59436160",""
"102371243","2021-10-29 08:01:07","Spot","Transaction Sold","SHIB","-10169984.00000000",""
"102371243","2021-10-29 17:08:12","Spot","Airdrop Assets","NFT","3292.15809000",""
"102371243","2021-11-03 05:45:43","Spot","Transaction Buy","XLM","254.00000000",""
"102371243","2021-11-03 05:45:43","Spot","Transaction Spend","USDT","-99.69500000",""
"102371243","2021-11-03 05:45:43","Spot","Transaction Fee","XLM","-0.25400000",""
"102371243","2021-11-03 05:47:10","Spot","Transaction Spend","USDT","-47.95360000",""
"102371243","2021-11-03 05:47:10","Spot","Transaction Buy","SAND","17.00000000",""
"102371243","2021-11-03 05:47:10","Spot","Transaction Fee","SAND","-0.01700000",""
"102371243","2021-11-03 21:21:39","Spot","Transaction Buy","SHIB","12231432.00000000",""
"102371243","2021-11-03 21:21:39","Spot","Transaction Fee","SHIB","-12231.43000000",""
"102371243","2021-11-03 21:21:39","Spot","Transaction Spend","USDT","-722.99994552",""
"102371243","2021-11-03 22:43:34","Spot","Transaction Spend","USDT","-499.99998897",""
"102371243","2021-11-03 22:43:34","Spot","Transaction Buy","SHIB","9400263.00000000",""
"102371243","2021-11-03 22:43:34","Spot","Transaction Fee","SHIB","-9400.26000000",""
"102371243","2021-11-04 15:06:40","Spot","Transaction Spend","USDT","-299.99999751",""
"102371243","2021-11-04 15:06:40","Spot","Transaction Buy","SHIB","6266973.00000000",""
"102371243","2021-11-04 15:06:40","Spot","Transaction Fee","SHIB","-6266.97000000",""
"102371243","2021-11-04 15:54:08","Spot","Transaction Fee","SHIB","-11312.22000000",""
"102371243","2021-11-04 15:54:08","Spot","Transaction Spend","USDT","-499.99999140",""
"102371243","2021-11-04 15:54:08","Spot","Transaction Buy","SHIB","11312217.00000000",""
"102371243","2021-11-05 14:49:22","Spot","Transaction Revenue","USDT","499.99996488",""
"102371243","2021-11-05 14:49:22","Spot","Transaction Sold","SHIB","-9426847.00000000",""
"102371243","2021-11-05 14:49:22","Spot","Transaction Fee","USDT","-0.49999996",""
"102371243","2021-11-06 06:26:19","Spot","Transaction Fee","USDT","-0.30015179",""
"102371243","2021-11-06 06:26:19","Spot","Transaction Sold","SHIB","-5059875.00000000",""
"102371243","2021-11-06 06:26:19","Spot","Transaction Revenue","USDT","300.15178500",""
"102371243","2021-11-10 21:21:47","Spot","Transaction Spend","USDT","-299.99996780",""
"102371243","2021-11-10 21:21:47","Spot","Transaction Fee","SHIB","-6322.44000000",""
"102371243","2021-11-10 21:21:47","Spot","Transaction Buy","SHIB","6322444.00000000",""
"102371243","2021-11-10 21:26:24","Spot","Transaction Buy","SAND","48.00000000",""
"102371243","2021-11-10 21:26:24","Spot","Transaction Fee","SAND","-0.04800000",""
"102371243","2021-11-10 21:26:24","Spot","Transaction Spend","USDT","-99.36000000",""
"102371243","2021-11-11 12:32:20","Spot","Transaction Revenue","USDT","344.99995728",""
"102371243","2021-11-11 12:32:20","Spot","Transaction Sold","SHIB","-6323313.00000000",""
"102371243","2021-11-11 12:32:20","Spot","Transaction Fee","USDT","-0.34499996",""
"102371243","2021-11-16 10:01:51","Spot","Transaction Spend","USDT","-499.93750000",""
"102371243","2021-11-16 10:01:51","Spot","Transaction Fee","DOGE","-2.10500000",""
"102371243","2021-11-16 10:01:51","Spot","Transaction Buy","DOGE","2105.00000000",""
"102371243","2021-11-16 10:05:50","Spot","Transaction Spend","USDT","-399.99997197",""
"102371243","2021-11-16 10:05:50","Spot","Transaction Fee","SHIB","-8331.60000000",""
"102371243","2021-11-16 10:05:50","Spot","Transaction Buy","SHIB","8331597.00000000",""
"102371243","2021-11-16 19:32:59","Spot","Transaction Fee","USDT","-0.15715200",""
"102371243","2021-11-16 19:32:59","Spot","Transaction Sold","SAND","-48.00000000",""
"102371243","2021-11-16 19:32:59","Spot","Transaction Revenue","USDT","157.15200000",""
"102371243","2021-11-18 15:23:18","Spot","Transaction Spend","USDT","-13.61899913",""
"102371243","2021-11-18 15:23:18","Spot","Transaction Fee","SHIB","-320.22000000",""
"102371243","2021-11-18 15:23:18","Spot","Transaction Buy","SHIB","3775819.00000000",""
"102371243","2021-11-18 15:23:18","Spot","Transaction Spend","USDT","-199.32428775",""
"102371243","2021-11-18 15:23:18","Spot","Transaction Buy","SHIB","4686675.00000000",""
"102371243","2021-11-18 15:23:18","Spot","Transaction Fee","SHIB","-4686.68000000",""
"102371243","2021-11-18 15:23:18","Spot","Transaction Spend","USDT","-160.58558207",""
"102371243","2021-11-18 15:23:18","Spot","Transaction Fee","SHIB","-3775.82000000",""
"102371243","2021-11-18 15:23:18","Spot","Transaction Buy","SHIB","320221.00000000",""
"102371243","2021-11-19 15:12:53","Spot","Transaction Fee","USDT","-0.47999997",""
"102371243","2021-11-19 15:12:53","Spot","Transaction Sold","SHIB","-9402546.00000000",""
"102371243","2021-11-19 15:12:53","Spot","Transaction Revenue","USDT","479.99997330",""
"102371243","2021-11-21 19:21:30","Spot","Transaction Spend","USDT","-479.56295528",""
"102371243","2021-11-21 19:21:30","Spot","Transaction Fee","SHIB","-10675.93000000",""
"102371243","2021-11-21 19:21:30","Spot","Transaction Buy","SHIB","10675934.00000000",""
"102371243","2021-11-23 08:21:09","Spot","Transaction Buy","SHIB","7405300.00000000",""
"102371243","2021-11-23 08:21:09","Spot","Transaction Spend","USDT","-315.98415100",""
"102371243","2021-11-23 08:21:09","Spot","Transaction Fee","SHIB","-7405.30000000",""
"102371243","2021-11-23 09:35:39","Spot","Transaction Spend","USDT","-251.13840000",""
"102371243","2021-11-23 09:35:39","Spot","Transaction Buy","DOGE","1167.00000000",""
"102371243","2021-11-23 09:35:39","Spot","Transaction Fee","DOGE","-1.16700000",""
"102371243","2021-11-25 17:20:00","Spot","Transaction Fee","USDT","-0.35000000",""
"102371243","2021-11-25 17:20:00","Spot","Transaction Revenue","USDT","349.99999788",""
"102371243","2021-11-25 17:20:00","Spot","Transaction Sold","SHIB","-7457916.00000000",""
"102371243","2021-11-25 20:09:08","Spot","Transaction Fee","SHIB","-8284.22000000",""
"102371243","2021-11-25 20:09:08","Spot","Transaction Buy","SHIB","8284224.00000000",""
"102371243","2021-11-25 20:09:08","Spot","Transaction Spend","USDT","-349.84277952",""
"102371243","2021-11-26 08:21:12","Spot","Transaction Buy","WAVES","4.00000000",""
"102371243","2021-11-26 08:21:12","Spot","Transaction Spend","USDT","-76.00000000",""
"102371243","2021-11-26 08:21:12","Spot","Transaction Fee","WAVES","-0.00400000",""
"102371243","2021-11-28 18:20:17","Spot","Transaction Spend","USDT","-73.21580000",""
"102371243","2021-11-28 18:20:17","Spot","Transaction Fee","XLM","-0.24100000",""
"102371243","2021-11-28 18:20:17","Spot","Transaction Spend","USDT","-25.21540000",""
"102371243","2021-11-28 18:20:17","Spot","Transaction Buy","XLM","241.00000000",""
"102371243","2021-11-28 18:20:17","Spot","Transaction Fee","XLM","-0.08300000",""
"102371243","2021-11-28 18:20:17","Spot","Transaction Buy","XLM","83.00000000",""
"102371243","2021-11-30 03:04:47","Spot","Transaction Sold","SHIB","-8288482.00000000",""
"102371243","2021-11-30 03:04:47","Spot","Transaction Fee","USDT","-0.38499999",""
"102371243","2021-11-30 03:04:47","Spot","Transaction Revenue","USDT","384.99998890",""
"102371243","2021-11-30 04:22:25","Spot","Transfer Between Main Account/Futures and Margin Account","USDT","-384.61501313",""
"102371243","2021-11-30 04:22:25","Cross Margin","Transfer Between Main Account/Futures and Margin Account","USDT","384.61501313",""
"102371243","2021-11-30 04:47:56","Cross Margin","Transfer Between Main Account/Futures and Margin Account","USDT","-384.61501313",""
"102371243","2021-11-30 04:47:56","Spot","Transfer Between Main Account/Futures and Margin Account","USDT","384.61501313",""
"102371243","2021-11-30 04:54:03","Spot","Transaction Fee","AXS","-0.00014000",""
"102371243","2021-11-30 04:54:03","Spot","Transaction Buy","AXS","0.14000000",""
"102371243","2021-11-30 04:54:03","Spot","Transaction Spend","USDT","-18.81180000",""
"102371243","2021-11-30 04:56:19","Spot","Staking Purchase","AXS","-0.13986000",""
"102371243","2021-11-30 04:57:46","Isolated Margin","Transfer Between Main Account/Futures and Margin Account","USDT","365.80321313",""
"102371243","2021-11-30 04:57:46","Spot","Transfer Between Main Account/Futures and Margin Account","USDT","-365.80321313",""
"102371243","2021-11-30 05:22:04","Spot","Transaction Sold","SHIB","-200294.00000000",""
"102371243","2021-11-30 05:22:04","Spot","Transaction Fee","USDT","-0.00985847",""
"102371243","2021-11-30 05:22:04","Spot","Transaction Revenue","USDT","243.77915534",""
"102371243","2021-11-30 05:22:04","Spot","Transaction Sold","SHIB","-4953854.00000000",""
"102371243","2021-11-30 05:22:04","Spot","Transaction Fee","USDT","-0.24377916",""
"102371243","2021-11-30 05:22:04","Spot","Transaction Revenue","USDT","9.85847068",""
"102371243","2021-11-30 10:53:12","Spot","Transaction Sold","SHIB","-10261374.00000000",""
"102371243","2021-11-30 10:53:12","Spot","Transaction Revenue","USDT","529.99996710",""
"102371243","2021-11-30 10:53:12","Spot","Transaction Fee","USDT","-0.52999997",""
"102371243","2021-12-01 09:04:09","Spot","Transaction Fee","SHIB","-11235.96000000",""
"102371243","2021-12-01 09:04:09","Spot","Transaction Buy","SHIB","11235955.00000000",""
"102371243","2021-12-01 09:04:09","Spot","Transaction Spend","USDT","-499.99999750",""
"102371243","2021-12-02 00:09:08","Spot","Transaction Spend","USDT","-282.85394145",""
"102371243","2021-12-02 00:09:08","Spot","Transaction Fee","SHIB","-6500.90000000",""
"102371243","2021-12-02 00:09:08","Spot","Transaction Buy","SHIB","6500895.00000000",""
"102371243","2021-12-02 01:27:55","Spot","Transfer Between Main Account/Futures and Margin Account","USDT","365.80321313",""
"102371243","2021-12-02 01:27:55","Isolated Margin","Transfer Between Main Account/Futures and Margin Account","USDT","-365.80321313",""
"102371243","2021-12-02 02:47:37","Spot","Staking Rewards","AXS","0.00042272",""
"102371243","2021-12-02 03:04:03","Spot","Transaction Spend","USDT","-365.80321020",""
"102371243","2021-12-02 03:04:03","Spot","Transaction Fee","SHIB","-8699.24000000",""
"102371243","2021-12-02 03:04:03","Spot","Transaction Buy","SHIB","8699244.00000000",""
"102371243","2021-12-02 04:45:50","Cross Margin","Transfer Between Main Account/Futures and Margin Account","USDT","80.29001950",""
"102371243","2021-12-02 04:45:50","Spot","Transfer Between Main Account/Futures and Margin Account","USDT","-80.29001950",""
"102371243","2021-12-02 04:49:30","Isolated Margin","Transfer Between Main Account/Futures and Margin Account","USDT","80.29001950",""
"102371243","2021-12-02 04:49:30","Cross Margin","Transfer Between Main Account/Futures and Margin Account","USDT","-80.29001950",""
"102371243","2021-12-03 03:12:10","Spot","Staking Rewards","AXS","0.00040356",""
"102371243","2021-12-04 03:14:49","Spot","Staking Rewards","AXS","0.00040356",""
"102371243","2021-12-05 03:17:01","Spot","Staking Rewards","AXS","0.00040356",""
"102371243","2021-12-05 18:25:13","Spot","Airdrop Assets","NFT","3292.70292100",""
"102371243","2021-12-06 03:22:26","Spot","Staking Rewards","AXS","0.00040356",""
"102371243","2021-12-06 13:54:37","Spot","Airdrop Assets","NFT","6634.20177900",""
"102371243","2021-12-07 03:27:32","Spot","Staking Rewards","AXS","0.00040356",""
"102371243","2021-12-07 05:07:48","Spot","Airdrop Assets","NFT","13733.29197800",""
"102371243","2021-12-08 03:33:28","Spot","Staking Rewards","AXS","0.00040356",""
"102371243","2021-12-09 03:37:22","Spot","Staking Rewards","AXS","0.00040356",""
"102371243","2021-12-10 03:31:24","Spot","Staking Rewards","AXS","0.00040356",""
"102371243","2021-12-11 03:28:17","Spot","Staking Rewards","AXS","0.00040356",""
"102371243","2021-12-12 03:31:58","Spot","Staking Rewards","AXS","0.00040356",""
"102371243","2021-12-13 03:10:03","Spot","Staking Rewards","AXS","0.00040356",""
"102371243","2021-12-14 14:25:20","Spot","Staking Rewards","AXS","0.00040356",""
"102371243","2021-12-15 02:52:56","Spot","Staking Rewards","AXS","0.00040356",""
"102371243","2021-12-16 03:03:34","Spot","Staking Rewards","AXS","0.00040356",""
"102371243","2021-12-17 03:10:42","Spot","Staking Rewards","AXS","0.00040356",""
"102371243","2021-12-18 03:19:20","Spot","Staking Rewards","AXS","0.00040356",""
"102371243","2021-12-19 03:42:23","Spot","Staking Rewards","AXS","0.00040356",""
"102371243","2021-12-20 09:32:53","Spot","Staking Rewards","AXS","0.00040356",""
"102371243","2021-12-21 04:07:01","Spot","Staking Rewards","AXS","0.00040356",""
"102371243","2021-12-22 03:56:16","Spot","Staking Rewards","AXS","0.00040356",""
"102371243","2021-12-23 03:35:58","Spot","Staking Rewards","AXS","0.00040356",""
"102371243","2021-12-24 02:08:41","Spot","Staking Rewards","AXS","0.00040356",""
"102371243","2021-12-25 02:09:51","Spot","Staking Rewards","AXS","0.00040356",""
"102371243","2021-12-26 02:15:35","Spot","Staking Rewards","AXS","0.00040356",""
"102371243","2021-12-27 02:18:50","Spot","Staking Rewards","AXS","0.00040356",""
"102371243","2021-12-28 02:51:12","Spot","Staking Rewards","AXS","0.00038746",""
"102371243","2021-12-29 01:42:45","Spot","Staking Rewards","AXS","0.00038746",""
"102371243","2021-12-30 01:49:35","Spot","Staking Rewards","AXS","0.00038746",""
"102371243","2021-12-31 00:40:33","Spot","Staking Rewards","AXS","0.00038746",""
"102371243","2022-01-01 00:59:34","Spot","Staking Redemption","AXS","0.13986000",""
"102371243","2022-01-10 19:46:02","Spot","Airdrop Assets","NFT","3294.63550800",""
"102371243","2022-01-11 19:12:42","Spot","Airdrop Assets","NFT","6634.20177900",""
"102371243","2022-01-12 04:50:26","Spot","Airdrop Assets","NFT","13733.29197800",""
"102371243","2022-01-24 07:00:23","Spot","Token Swap - Redenomination/Rebranding","BTT","-13135.85100000",""
"102371243","2022-01-24 18:22:09","Spot","Airdrop Assets","BTTC","13135851.00000000",""
"102371243","2022-01-29 06:33:05","Spot","Distribution","SOLO","5.17302616","SOLO airdrop"
"102371243","2022-02-07 22:45:28","Spot","Transaction Fee","USDT","-0.25763955",""
"102371243","2022-02-07 22:45:28","Spot","Transaction Revenue","USDT","257.63955015",""
"102371243","2022-02-07 22:45:28","Spot","Transaction Sold","SHIB","-7890951.00000000",""
"102371243","2022-02-07 22:50:11","Spot","Transaction Revenue","USDT","467.74040000",""
"102371243","2022-02-07 22:50:11","Spot","Transaction Fee","USDT","-0.46774040",""
"102371243","2022-02-07 22:50:11","Spot","Transaction Sold","XRP","-563.00000000",""
"102371243","2022-02-07 23:06:46","Spot","Transaction Sold","SHIB","-11836427.00000000",""
"102371243","2022-02-07 23:06:46","Spot","Transaction Revenue","USDT","396.40194023",""
"102371243","2022-02-07 23:06:46","Spot","Transaction Fee","USDT","-0.39640194",""
"102371243","2022-02-08 05:10:47","Spot","Transaction Sold","SHIB","-11836428.00000000",""
"102371243","2022-02-08 05:10:47","Spot","Transaction Revenue","USDT","408.35676600",""
"102371243","2022-02-08 05:10:47","Spot","Transaction Fee","USDT","-0.40835677",""
"102371243","2022-02-09 04:45:48","Spot","Airdrop Assets","NFT","6634.20177900",""
"102371243","2022-02-09 12:51:38","Spot","Airdrop Assets","NFT","13738.81725800",""
"102371243","2022-02-09 15:37:00","Spot","Airdrop Assets","NFT","3296.10988700",""
"102371243","2022-03-13 11:48:32","Spot","Airdrop Assets","NFT","6634.13018900",""
"102371243","2022-03-13 16:40:42","Spot","Airdrop Assets","NFT","3297.81919600",""
"102371243","2022-03-15 06:04:09","Spot","Airdrop Assets","NFT","13740.66939900",""
"102371243","2022-04-05 14:11:53","Spot","Airdrop Assets","NFT","3300.13491400",""
"102371243","2022-04-05 18:30:37","Spot","Airdrop Assets","NFT","13743.15749600",""
"102371243","2022-04-07 09:55:41","Spot","Airdrop Assets","NFT","6634.13018900",""
"102371243","2022-04-26 23:18:11","Spot","Transaction Fee","ETH","-0.00054690",""
"102371243","2022-04-26 23:18:11","Spot","Transaction Spend","USDT","-1528.58550000",""
"102371243","2022-04-26 23:18:11","Spot","Transaction Buy","ETH","0.54690000",""
"102371243","2022-07-18 15:47:01","Spot","Airdrop Assets","NFT","3301.84119700",""
"102371243","2022-07-19 04:19:52","Spot","Airdrop Assets","NFT","13744.19502200",""
"102371243","2022-07-19 13:13:23","Spot","Airdrop Assets","NFT","6634.13018900",""
"102371243","2022-08-02 18:11:03","Spot","Airdrop Assets","NFT","3411.91218600",""
"102371243","2022-08-04 09:52:22","Spot","Airdrop Assets","NFT","6634.13018900",""
"102371243","2022-08-04 16:00:02","Spot","Airdrop Assets","NFT","13745.28745800",""
"102371243","2022-08-27 05:38:47","Spot","Airdrop Assets","NFT","3617.64743400",""
"102371243","2022-08-29 02:47:22","Spot","Airdrop Assets","NFT","13745.28745800",""
"102371243","2022-08-29 10:37:07","Spot","Airdrop Assets","NFT","6634.13018900",""
"102371243","2022-09-19 14:49:37","Spot","Airdrop Assets","ETHW","0.64090546",""
"102371243","2022-10-01 06:22:41","Spot","Airdrop Assets","NFT","3629.78797900",""
"102371243","2022-10-02 05:53:09","Spot","Airdrop Assets","NFT","6634.13018900",""
"102371243","2022-10-02 14:39:55","Spot","Airdrop Assets","NFT","13745.28745800",""
"102371243","2022-11-21 17:31:25","Spot","Distribution","NFT","3632.47071900","NFT-TRX Airdrop AUG"
"102371243","2022-11-22 08:35:54","Spot","Distribution","NFT","6634.13018900","NFT-BTTC Airdrop AUG"
"102371243","2022-11-22 12:24:43","Spot","Distribution","NFT","13745.28745800","NFT-WIN airdrop AUG"
"102371243","2023-01-02 14:33:58","Spot","Distribution","NFT","6634.13018900","NFT-BTTC Airdrop Sep"
"102371243","2023-01-02 18:13:15","Spot","Distribution","NFT","3634.12989100","NFT-TRX Airdrop Sep"
"102371243","2023-01-03 03:01:22","Spot","Distribution","NFT","13745.28745800","NFT-WIN airdrop Sep"
"102371243","2023-01-21 07:08:59","Spot","Distribution","NFT","13745.28745800","NFT airdrop-WIN Oct"
"102371243","2023-01-21 17:17:54","Spot","Distribution","NFT","6634.13018900","NFT airdrop-BTTC OCT"
"102371243","2023-01-22 03:40:59","Spot","Distribution","NFT","3635.76999900","NFT airdrop-TRX OCT"
"102371243","2023-03-07 15:35:49","Spot","Distribution","NFT","3640.15186200","NFT airdrop Nov-TRX"
"102371243","2023-03-08 14:19:59","Spot","Distribution","NFT","6634.13018900","NFT airfrop Nov-BTTC"
"102371243","2023-03-09 06:51:44","Spot","Distribution","NFT","13745.28745800","NFT airdrop Nov-WIN"
"102371243","2023-03-30 16:18:19","Spot","Distribution","NFT","3645.76735800","NFT airdrop TRX-DEC"
"102371243","2023-03-31 12:05:50","Spot","Distribution","NFT","13745.28745800","NFT airdrop-DEC"
"102371243","2023-03-31 15:44:00","Spot","Distribution","NFT","6634.13018900","NFT airdrop BTTC-DEC"
"102371243","2024-02-15 08:07:23","Spot","Transfer Between Main Account/Futures and Margin Account","USDT","80.29001950",""
"102371243","2024-02-15 08:07:23","Isolated Margin","Transfer Between Main Account/Futures and Margin Account","USDT","-80.29001950",""
"102371243","2024-03-01 18:30:35","Spot","Transaction Sold","SHIB","-6668318.00000000",""
"102371243","2024-03-01 18:30:35","Spot","Transaction Revenue","USDT","100.69160180",""
"102371243","2024-03-01 18:30:35","Spot","Transaction Fee","USDT","-0.10069160",""
"102371243","2024-03-04 19:26:40","Spot","Transaction Fee","USDT","-0.11502849",""
"102371243","2024-03-04 19:26:40","Spot","Transaction Revenue","USDT","115.02848550",""
"102371243","2024-03-04 19:26:40","Spot","Transaction Sold","SHIB","-3334159.00000000",""
"102371243","2024-03-04 23:07:21","Spot","Transaction Sold","ETH","-0.64090000",""
"102371243","2024-03-04 23:07:21","Spot","Transaction Revenue","USDT","2328.38970000",""
"102371243","2024-03-04 23:07:21","Spot","Transaction Fee","USDT","-2.32838970",""
"102371243","2024-03-05 03:16:08","Spot","Transaction Revenue","USDT","142.63532202",""
"102371243","2024-03-05 03:16:08","Spot","Transaction Fee","USDT","-0.14263532",""
"102371243","2024-03-05 03:16:08","Spot","Transaction Sold","SHIB","-3334159.00000000",""
"102371243","2024-09-10 11:34:41","Spot","Asset Recovery","SOLO","-5.17302616",""
"102371243","2024-11-01 02:58:00","Spot","Airdrop Assets","1000PEPPER","29970.00000000",""
"102371243","2024-11-01 04:42:58","Spot","Airdrop Assets","1000PEPPER","29970.00000000",""
"102371243","2024-11-01 06:32:06","Spot","Airdrop Assets","1000PEPPER","29970.00000000",""
"102371243","2024-11-10 09:29:16","Spot","Transaction Fee","USDT","-0.08757900",""
"102371243","2024-11-10 09:29:16","Spot","Transaction Fee","USDT","-0.17728830",""
"102371243","2024-11-10 09:29:16","Spot","Transaction Revenue","USDT","177.28830000",""
"102371243","2024-11-10 09:29:16","Spot","Transaction Sold","DOGE","-370.00000000",""
"102371243","2024-11-10 09:29:16","Spot","Transaction Sold","DOGE","-42.00000000",""
"102371243","2024-11-10 09:29:16","Spot","Transaction Sold","DOGE","-749.00000000",""
"102371243","2024-11-10 09:29:16","Spot","Transaction Revenue","USDT","9.94140000",""
"102371243","2024-11-10 09:29:16","Spot","Transaction Fee","USDT","-0.00994140",""
"102371243","2024-11-10 09:29:16","Spot","Transaction Revenue","USDT","87.57900000",""
"102371243","2024-11-10 17:55:12","Spot","Transaction Sold","DOGE","-2057.00000000",""
"102371243","2024-11-10 17:55:12","Spot","Transaction Fee","USDT","-0.57287450",""
"102371243","2024-11-10 17:55:12","Spot","Transaction Revenue","USDT","572.87450000",""
"102371243","2024-11-12 09:20:53","Spot","Transaction Sold","DOGE","-4220.00000000",""
"102371243","2024-11-12 09:20:53","Spot","Transaction Fee","USDT","-1.79392200",""
"102371243","2024-11-12 09:20:53","Spot","Transaction Revenue","USDT","1793.92200000",""
"102371243","2024-11-15 02:40:09","Spot","Transaction Sold","XRP","-564.00000000",""
"102371243","2024-11-15 02:40:09","Spot","Transaction Fee","USDT","-0.46039320",""
"102371243","2024-11-15 02:40:09","Spot","Transaction Revenue","USDT","460.39320000",""
"102371243","2024-11-18 10:20:56","Spot","Transaction Fee","USDT","-0.13871080",""
"102371243","2024-11-18 10:20:56","Spot","Transaction Sold","XLM","-577.00000000",""
"102371243","2024-11-18 10:20:56","Spot","Transaction Revenue","USDT","138.71080000",""
"102371243","2024-11-20 02:47:08","Spot","Asset Recovery","WAVES","-3.99600000",""
"102371243","2024-11-22 08:55:29","Spot","Transaction Fee","USDT","-0.16811640",""
"102371243","2024-11-22 08:55:29","Spot","Transaction Revenue","USDT","168.11640000",""
"102371243","2024-11-22 08:55:29","Spot","Transaction Sold","BTC","-0.00170000",""
"102371243","2024-11-22 09:00:12","Spot","Transaction Sold","TRX","-503.50000000",""
"102371243","2024-11-22 09:00:12","Spot","Transaction Fee","USDT","-0.10014615",""
"102371243","2024-11-22 09:00:12","Spot","Transaction Revenue","USDT","100.14615000",""
"102371243","2024-12-06 18:48:29","Spot","Transaction Fee","USDT","-0.20202000",""
"102371243","2024-12-06 18:48:29","Spot","Transaction Revenue","USDT","202.02000000",""
"102371243","2024-12-06 18:48:29","Spot","Transaction Sold","ETC","-5.18000000",""
"102371243","2025-01-13 17:15:48","Spot","Asset Recovery","FTM","-86.51340000",""
"102371243","2025-01-15 06:50:03","Spot","Token Swap - Distribution","S","86.51340000",""
"102371243","2025-02-07 15:10:09","Spot","Token Swap - Distribution","SOLO","5.17302616",""
"102371243","2025-04-28 15:18:35","Spot","Token Swap - Distribution","USDC","6.03396000",""
"102371243","2025-05-30 02:46:22","Spot","Asset Recovery","REN","-117.78210000",""
"102371243","2025-06-30 14:59:08","Spot","Asset Recovery","NULS","-169.22061000",""
"102371243","2025-07-31 12:52:16","Spot","Asset Recovery","TROY","-3251.74500000",""
"102371243","2025-08-04 06:26:46","Spot","Token Swap - Distribution","USDC","0.34728637",""
"102371243","2025-11-24 10:51:32","Spot","Token Swap - Distribution","USDC","0.98981957",""
"102371243","2025-12-14 09:56:38","Spot","Token Swap - Distribution","USDC","1.27495885",""
